month,label,Bishop,Conservative,Crossbench,Green,Independent Labour,Independent Socialist,Judge,Labour,Liberal Democrat,Non-affiliated,Other,UUP,Conservative Independent,DUP,UKIP,Plaid Cymru,Independent Liberal Democrat,Independent Ulster Unionist,Independent Social Democrat,total_seats
2001-01-01,Peer,26.0,230.0,161.0,1.0,1.0,1.0,5.0,199.0,62.0,2.0,3.0,1.0,,,,,,,,692.0
2001-02-01,Peer,25.0,229.0,162.0,1.0,1.0,1.0,5.0,198.0,62.0,2.0,3.0,1.0,,,,,,,,690.0
2001-03-01,Peer,25.0,226.0,160.0,1.0,1.0,1.0,5.0,197.0,62.0,2.0,3.0,1.0,,,,,,,,684.0
2001-04-01,Peer,26.0,224.0,160.0,1.0,1.0,1.0,5.0,196.0,62.0,3.0,3.0,1.0,,,,,,,,683.0
2001-05-01,Peer,26.0,224.0,159.0,1.0,1.0,1.0,5.0,194.0,61.0,3.0,3.0,1.0,,,,,,,,679.0
2001-06-01,Peer,26.0,224.0,159.0,1.0,1.0,1.0,5.0,193.0,61.0,3.0,3.0,1.0,,,,,,,,678.0
2001-07-01,Peer,26.0,224.0,162.0,1.0,1.0,1.0,5.0,196.0,61.0,3.0,4.0,1.0,,,,,,,,685.0
2001-08-01,Peer,26.0,226.0,173.0,1.0,1.0,1.0,5.0,202.0,62.0,3.0,3.0,1.0,,,,,,,,704.0
2001-09-01,Peer,26.0,226.0,173.0,1.0,1.0,1.0,5.0,200.0,62.0,3.0,3.0,1.0,,,,,,,,702.0
2001-10-01,Peer,26.0,226.0,172.0,1.0,1.0,1.0,5.0,198.0,62.0,3.0,3.0,1.0,,,,,,,,699.0
2001-11-01,Peer,26.0,230.0,176.0,1.0,1.0,1.0,5.0,200.0,66.0,2.0,3.0,2.0,,,,,,,,713.0
2001-12-01,Peer,27.0,230.0,176.0,1.0,1.0,1.0,5.0,200.0,66.0,2.0,3.0,2.0,,,,,,,,714.0
2002-01-01,Peer,26.0,229.0,175.0,1.0,1.0,1.0,5.0,200.0,66.0,2.0,3.0,2.0,,,,,,,,711.0
2002-02-01,Peer,27.0,229.0,175.0,1.0,1.0,1.0,5.0,199.0,66.0,2.0,3.0,2.0,,,,,,,,711.0
2002-03-01,Peer,27.0,228.0,175.0,1.0,1.0,1.0,5.0,199.0,66.0,2.0,2.0,2.0,,,,,,,,709.0
2002-04-01,Peer,27.0,228.0,176.0,1.0,1.0,1.0,5.0,197.0,66.0,2.0,3.0,2.0,,,,,,,,709.0
2002-05-01,Peer,27.0,227.0,176.0,1.0,1.0,1.0,5.0,197.0,66.0,2.0,3.0,2.0,,,,,,,,708.0
2002-06-01,Peer,26.0,225.0,176.0,1.0,1.0,1.0,5.0,196.0,66.0,2.0,3.0,2.0,,,,,,,,704.0
2002-07-01,Peer,26.0,224.0,175.0,1.0,1.0,1.0,5.0,196.0,66.0,2.0,3.0,2.0,,,,,,,,702.0
2002-08-01,Peer,25.0,224.0,172.0,1.0,1.0,1.0,5.0,196.0,66.0,2.0,4.0,2.0,,,,,,,,699.0
2002-09-01,Peer,25.0,223.0,171.0,1.0,1.0,1.0,5.0,196.0,66.0,2.0,4.0,2.0,,,,,,,,697.0
2002-10-01,Peer,24.0,222.0,171.0,1.0,1.0,1.0,5.0,196.0,66.0,2.0,4.0,2.0,,,,,,,,695.0
2002-11-01,Peer,23.0,222.0,171.0,1.0,1.0,1.0,6.0,195.0,66.0,2.0,4.0,1.0,,,,,,,,693.0
2002-12-01,Peer,24.0,220.0,171.0,1.0,1.0,1.0,6.0,194.0,66.0,3.0,4.0,1.0,,,,,,,,692.0
2003-01-01,Peer,24.0,220.0,171.0,1.0,1.0,1.0,6.0,194.0,66.0,3.0,4.0,1.0,,,,,,,,692.0
2003-02-01,Peer,24.0,217.0,172.0,1.0,1.0,1.0,6.0,194.0,65.0,3.0,4.0,1.0,,,,,,,,689.0
2003-03-01,Peer,24.0,217.0,171.0,1.0,1.0,1.0,6.0,194.0,65.0,3.0,5.0,1.0,,,,,,,,689.0
2003-04-01,Peer,26.0,217.0,172.0,1.0,1.0,1.0,6.0,194.0,65.0,3.0,4.0,1.0,,,,,,,,691.0
2003-05-01,Peer,25.0,217.0,172.0,1.0,1.0,1.0,6.0,193.0,65.0,3.0,4.0,1.0,,,,,,,,689.0
2003-06-01,Peer,24.0,216.0,172.0,1.0,1.0,1.0,6.0,193.0,65.0,3.0,3.0,1.0,,,,,,,,686.0
2003-07-01,Peer,23.0,215.0,173.0,1.0,1.0,1.0,6.0,194.0,65.0,3.0,3.0,1.0,,,,,,,,686.0
2003-08-01,Peer,24.0,215.0,172.0,1.0,1.0,1.0,6.0,194.0,64.0,3.0,3.0,1.0,,,,,,,,685.0
2003-09-01,Peer,23.0,215.0,172.0,1.0,1.0,1.0,6.0,193.0,64.0,3.0,3.0,1.0,,,,,,,,683.0
2003-10-01,Peer,23.0,214.0,172.0,1.0,1.0,1.0,6.0,192.0,64.0,3.0,3.0,1.0,,,,,,,,681.0
2003-11-01,Peer,24.0,214.0,171.0,1.0,1.0,1.0,6.0,192.0,64.0,3.0,3.0,1.0,,,,,,,,681.0
2003-12-01,Peer,23.0,215.0,171.0,1.0,1.0,1.0,6.0,191.0,64.0,3.0,2.0,1.0,,,,,,,,679.0
2004-01-01,Peer,24.0,215.0,171.0,1.0,1.0,1.0,6.0,188.0,64.0,3.0,2.0,1.0,,,,,,,,677.0
2004-02-01,Peer,25.0,214.0,172.0,1.0,1.0,1.0,8.0,187.0,64.0,3.0,1.0,1.0,,,,,,,,678.0
2004-03-01,Peer,25.0,212.0,171.0,1.0,1.0,1.0,8.0,187.0,64.0,3.0,1.0,1.0,,,,,,,,675.0
2004-04-01,Peer,26.0,212.0,170.0,1.0,1.0,1.0,8.0,187.0,64.0,3.0,1.0,1.0,,,,,,,,675.0
2004-05-01,Peer,26.0,211.0,169.0,1.0,1.0,1.0,8.0,186.0,63.0,3.0,1.0,1.0,,,,,,,,671.0
2004-06-01,Peer,26.0,208.0,169.0,1.0,1.0,1.0,8.0,185.0,63.0,4.0,1.0,1.0,2.0,,,,,,,670.0
2004-07-01,Peer,26.0,212.0,171.0,1.0,1.0,1.0,8.0,196.0,66.0,4.0,1.0,1.0,2.0,,,,,,,690.0
2004-08-01,Peer,26.0,212.0,174.0,1.0,1.0,1.0,8.0,205.0,69.0,4.0,1.0,1.0,2.0,,,,,,,705.0
2004-09-01,Peer,26.0,212.0,173.0,1.0,1.0,1.0,8.0,205.0,68.0,4.0,1.0,1.0,2.0,,,,,,,703.0
2004-10-01,Peer,26.0,212.0,179.0,1.0,1.0,1.0,8.0,205.0,70.0,3.0,1.0,1.0,2.0,,,,,,,710.0
2004-11-01,Peer,26.0,211.0,178.0,1.0,1.0,1.0,8.0,205.0,69.0,3.0,2.0,1.0,2.0,,,,,,,708.0
2004-12-01,Peer,26.0,210.0,178.0,1.0,1.0,1.0,8.0,205.0,68.0,3.0,2.0,1.0,3.0,,,,,,,707.0
2005-01-01,Peer,26.0,210.0,177.0,1.0,1.0,1.0,8.0,205.0,68.0,3.0,2.0,1.0,3.0,,,,,,,706.0
2005-02-01,Peer,26.0,209.0,177.0,1.0,1.0,1.0,8.0,206.0,69.0,3.0,2.0,1.0,3.0,,,,,,,707.0
2005-03-01,Peer,25.0,209.0,177.0,1.0,1.0,1.0,8.0,206.0,69.0,3.0,2.0,1.0,3.0,,,,,,,706.0
2005-04-01,Peer,25.0,210.0,175.0,1.0,1.0,1.0,8.0,204.0,69.0,3.0,2.0,1.0,3.0,,,,,,,703.0
2005-05-01,Peer,25.0,210.0,174.0,1.0,1.0,1.0,8.0,202.0,69.0,3.0,1.0,1.0,3.0,,,,,,,699.0
2005-06-01,Peer,24.0,209.0,176.0,1.0,1.0,1.0,8.0,205.0,69.0,3.0,,1.0,3.0,,,,,,,701.0
2005-07-01,Peer,24.0,211.0,178.0,1.0,1.0,1.0,8.0,211.0,74.0,3.0,,1.0,3.0,,,,,,,716.0
2005-08-01,Peer,24.0,213.0,179.0,1.0,1.0,1.0,9.0,219.0,74.0,3.0,,1.0,3.0,,,,,,,728.0
2005-09-01,Peer,24.0,213.0,177.0,1.0,1.0,,9.0,218.0,74.0,3.0,,1.0,3.0,,,,,,,724.0
2005-10-01,Peer,24.0,213.0,178.0,1.0,1.0,,9.0,217.0,74.0,3.0,,1.0,3.0,,,,,,,724.0
2005-11-01,Peer,25.0,213.0,182.0,1.0,1.0,,10.0,216.0,74.0,3.0,2.0,1.0,3.0,,,,,,,731.0
2005-12-01,Peer,25.0,212.0,182.0,1.0,1.0,,10.0,216.0,74.0,3.0,2.0,1.0,3.0,,,,,,,730.0
2006-01-01,Peer,25.0,210.0,184.0,1.0,1.0,,10.0,215.0,74.0,3.0,2.0,1.0,3.0,,,,,,,729.0
2006-02-01,Peer,26.0,210.0,183.0,1.0,1.0,,10.0,212.0,74.0,3.0,2.0,1.0,3.0,,,,,,,726.0
2006-03-01,Peer,26.0,210.0,182.0,1.0,1.0,,10.0,212.0,74.0,3.0,2.0,1.0,3.0,,,,,,,725.0
2006-04-01,Peer,26.0,209.0,181.0,1.0,1.0,,10.0,213.0,74.0,3.0,2.0,1.0,3.0,,,,,,,724.0
2006-05-01,Peer,26.0,209.0,181.0,1.0,1.0,,10.0,213.0,74.0,3.0,2.0,1.0,3.0,,,,,,,724.0
2006-06-01,Peer,26.0,209.0,180.0,1.0,1.0,,10.0,213.0,74.0,3.0,2.0,1.0,3.0,,,,,,,723.0
2006-07-01,Peer,25.0,213.0,181.0,1.0,1.0,,10.0,216.0,79.0,3.0,2.0,1.0,3.0,1.0,,,,,,736.0
2006-08-01,Peer,25.0,214.0,190.0,1.0,1.0,,10.0,217.0,79.0,4.0,2.0,1.0,3.0,3.0,,,,,,750.0
2006-09-01,Peer,25.0,213.0,189.0,1.0,1.0,,10.0,217.0,79.0,4.0,2.0,1.0,3.0,3.0,,,,,,748.0
2006-10-01,Peer,25.0,213.0,189.0,1.0,1.0,,10.0,217.0,79.0,4.0,2.0,1.0,3.0,3.0,,,,,,748.0
2006-11-01,Peer,26.0,213.0,190.0,1.0,1.0,,10.0,218.0,79.0,4.0,2.0,1.0,3.0,3.0,,,,,,751.0
2006-12-01,Peer,26.0,212.0,190.0,1.0,1.0,,10.0,218.0,79.0,4.0,2.0,1.0,3.0,3.0,,,,,,750.0
2007-01-01,Peer,26.0,211.0,189.0,1.0,1.0,,10.0,217.0,79.0,4.0,2.0,1.0,3.0,3.0,,,,,,747.0
2007-02-01,Peer,26.0,209.0,189.0,1.0,1.0,,11.0,217.0,79.0,4.0,2.0,1.0,1.0,3.0,2.0,,,,,746.0
2007-03-01,Peer,26.0,207.0,189.0,1.0,1.0,,11.0,216.0,79.0,4.0,2.0,1.0,1.0,3.0,2.0,,,,,743.0
2007-04-01,Peer,26.0,208.0,189.0,1.0,1.0,,11.0,216.0,79.0,4.0,2.0,1.0,1.0,3.0,2.0,,,,,744.0
2007-05-01,Peer,26.0,209.0,193.0,1.0,1.0,,11.0,216.0,79.0,4.0,2.0,1.0,1.0,3.0,2.0,,,,,749.0
2007-06-01,Peer,26.0,208.0,193.0,1.0,1.0,,11.0,216.0,79.0,4.0,2.0,1.0,1.0,3.0,2.0,,,,,748.0
2007-07-01,Peer,26.0,209.0,192.0,1.0,1.0,,11.0,215.0,79.0,4.0,2.0,1.0,1.0,3.0,2.0,,,,,747.0
2007-08-01,Peer,25.0,208.0,189.0,1.0,1.0,,11.0,222.0,79.0,5.0,2.0,1.0,1.0,3.0,2.0,,,,,750.0
2007-09-01,Peer,25.0,206.0,189.0,1.0,1.0,,11.0,222.0,78.0,5.0,2.0,1.0,1.0,3.0,2.0,,,,,747.0
2007-10-01,Peer,24.0,205.0,189.0,1.0,1.0,,11.0,222.0,78.0,5.0,2.0,1.0,1.0,3.0,2.0,,,,,745.0
2007-11-01,Peer,24.0,207.0,189.0,1.0,1.0,,11.0,222.0,79.0,5.0,2.0,1.0,1.0,3.0,2.0,,,,,748.0
2007-12-01,Peer,25.0,207.0,186.0,1.0,1.0,,11.0,222.0,80.0,5.0,2.0,1.0,1.0,3.0,2.0,,,,,747.0
2008-01-01,Peer,26.0,207.0,188.0,1.0,1.0,,11.0,221.0,80.0,5.0,2.0,1.0,1.0,3.0,2.0,,,,,749.0
2008-02-01,Peer,25.0,207.0,189.0,1.0,1.0,,11.0,221.0,80.0,5.0,2.0,1.0,1.0,3.0,2.0,,,,,749.0
2008-03-01,Peer,25.0,206.0,187.0,1.0,1.0,,11.0,223.0,80.0,5.0,1.0,1.0,1.0,3.0,2.0,,,,,747.0
2008-04-01,Peer,26.0,205.0,187.0,1.0,1.0,,11.0,222.0,80.0,5.0,1.0,1.0,1.0,3.0,2.0,,,,,746.0
2008-05-01,Peer,25.0,205.0,187.0,,1.0,,11.0,222.0,80.0,5.0,1.0,1.0,1.0,3.0,2.0,,,,,744.0
2008-06-01,Peer,25.0,204.0,189.0,,1.0,,11.0,220.0,78.0,5.0,1.0,1.0,1.0,3.0,2.0,,,,,741.0
2008-07-01,Peer,26.0,204.0,191.0,,1.0,,11.0,220.0,78.0,5.0,1.0,1.0,1.0,3.0,2.0,,,,,744.0
2008-08-01,Peer,25.0,205.0,190.0,,1.0,,11.0,218.0,77.0,6.0,1.0,1.0,1.0,3.0,2.0,,,,,741.0
2008-09-01,Peer,25.0,204.0,190.0,,1.0,,11.0,218.0,77.0,6.0,1.0,1.0,1.0,3.0,2.0,,,,,740.0
2008-10-01,Peer,25.0,204.0,190.0,,1.0,,11.0,218.0,77.0,6.0,1.0,1.0,1.0,3.0,2.0,,,,,740.0
2008-11-01,Peer,25.0,203.0,191.0,,1.0,,12.0,218.0,76.0,7.0,1.0,1.0,1.0,3.0,2.0,,,,,741.0
2008-12-01,Peer,26.0,202.0,192.0,,1.0,,12.0,218.0,76.0,7.0,1.0,1.0,1.0,3.0,2.0,,,,,742.0
2009-01-01,Peer,26.0,202.0,193.0,,1.0,,12.0,218.0,75.0,8.0,1.0,1.0,1.0,3.0,2.0,,,,,743.0
2009-02-01,Peer,25.0,201.0,193.0,,1.0,,12.0,218.0,75.0,8.0,1.0,1.0,1.0,3.0,2.0,,,,,741.0
2009-03-01,Peer,25.0,201.0,192.0,,1.0,,12.0,218.0,75.0,8.0,2.0,1.0,1.0,3.0,2.0,,,,,741.0
2009-04-01,Peer,26.0,201.0,191.0,,1.0,,12.0,218.0,75.0,8.0,2.0,1.0,1.0,3.0,2.0,,,,,741.0
2009-05-01,Peer,25.0,200.0,188.0,,1.0,,13.0,217.0,75.0,9.0,2.0,1.0,1.0,3.0,2.0,,,,,737.0
2009-06-01,Peer,24.0,200.0,187.0,,1.0,,14.0,217.0,75.0,10.0,1.0,1.0,1.0,3.0,2.0,,,,,736.0
2009-07-01,Peer,25.0,200.0,186.0,,1.0,,15.0,218.0,75.0,11.0,1.0,1.0,1.0,3.0,2.0,,,,,739.0
2009-08-01,Peer,26.0,197.0,187.0,,1.0,,15.0,219.0,75.0,11.0,1.0,1.0,1.0,3.0,2.0,,,,,739.0
2009-09-01,Peer,23.0,197.0,187.0,,1.0,,15.0,218.0,75.0,11.0,1.0,1.0,1.0,3.0,2.0,,,,,735.0
2009-10-01,Peer,22.0,196.0,184.0,,1.0,,15.0,218.0,75.0,11.0,1.0,3.0,1.0,3.0,2.0,,,,,732.0
2009-11-01,Peer,23.0,194.0,187.0,,1.0,,15.0,217.0,75.0,12.0,1.0,3.0,1.0,3.0,2.0,,,,,734.0
2009-12-01,Peer,26.0,193.0,187.0,,1.0,,15.0,216.0,75.0,12.0,1.0,3.0,1.0,3.0,2.0,,,,,735.0
2010-01-01,Peer,26.0,193.0,187.0,,1.0,,15.0,216.0,75.0,12.0,1.0,3.0,1.0,3.0,2.0,,,,,735.0
2010-02-01,Peer,26.0,193.0,186.0,,1.0,,15.0,216.0,75.0,12.0,1.0,3.0,1.0,3.0,2.0,,,,,734.0
2010-03-01,Peer,25.0,192.0,186.0,,1.0,,15.0,216.0,75.0,13.0,1.0,3.0,1.0,3.0,2.0,,,,,733.0
2010-04-01,Peer,24.0,190.0,190.0,,1.0,,15.0,216.0,75.0,13.0,1.0,3.0,1.0,3.0,2.0,,,,,734.0
2010-05-01,Peer,24.0,189.0,189.0,,1.0,,15.0,216.0,75.0,13.0,,3.0,1.0,3.0,2.0,,,,,731.0
2010-06-01,Peer,25.0,187.0,189.0,,1.0,,15.0,216.0,75.0,14.0,,3.0,1.0,3.0,2.0,,,,,731.0
2010-07-01,Peer,26.0,191.0,188.0,,1.0,,15.0,226.0,78.0,13.0,,3.0,1.0,3.0,2.0,,,,,747.0
2010-08-01,Peer,25.0,200.0,188.0,,1.0,,15.0,243.0,84.0,14.0,,3.0,1.0,4.0,2.0,,,,,780.0
2010-09-01,Peer,24.0,199.0,188.0,,1.0,,15.0,242.0,84.0,14.0,,3.0,1.0,4.0,2.0,,,,,777.0
2010-10-01,Peer,23.0,199.0,187.0,,1.0,,15.0,242.0,83.0,14.0,,3.0,1.0,4.0,2.0,,,,,774.0
2010-11-01,Peer,24.0,199.0,186.0,,1.0,,15.0,240.0,83.0,17.0,1.0,3.0,1.0,4.0,2.0,,,,,776.0
2010-12-01,Peer,25.0,200.0,188.0,,1.0,,15.0,240.0,83.0,17.0,1.0,3.0,1.0,4.0,2.0,,,,,780.0
2011-01-01,Peer,25.0,205.0,188.0,,1.0,,15.0,239.0,85.0,17.0,1.0,3.0,1.0,4.0,2.0,,,,,786.0
2011-02-01,Peer,24.0,222.0,190.0,,1.0,,15.0,247.0,95.0,17.0,1.0,4.0,1.0,4.0,2.0,1.0,,,,824.0
2011-03-01,Peer,24.0,222.0,189.0,,1.0,,15.0,247.0,98.0,17.0,1.0,4.0,1.0,4.0,2.0,1.0,,,,826.0
2011-04-01,Peer,25.0,224.0,190.0,,1.0,,15.0,249.0,97.0,17.0,1.0,4.0,1.0,4.0,2.0,1.0,,,,831.0
2011-05-01,Peer,25.0,224.0,189.0,,1.0,,15.0,249.0,97.0,17.0,1.0,4.0,1.0,4.0,2.0,1.0,,,,830.0
2011-06-01,Peer,24.0,222.0,190.0,,1.0,,15.0,249.0,97.0,17.0,1.0,4.0,1.0,4.0,2.0,1.0,,,,828.0
2011-07-01,Peer,24.0,222.0,191.0,,1.0,,14.0,248.0,97.0,17.0,1.0,4.0,1.0,4.0,2.0,1.0,,,,827.0
2011-08-01,Peer,24.0,222.0,189.0,,1.0,,14.0,248.0,97.0,17.0,1.0,4.0,1.0,4.0,2.0,1.0,,,,825.0
2011-09-01,Peer,24.0,222.0,189.0,,1.0,,14.0,248.0,97.0,17.0,1.0,4.0,1.0,4.0,2.0,1.0,,,,825.0
2011-10-01,Peer,24.0,223.0,190.0,,1.0,,14.0,247.0,96.0,18.0,1.0,4.0,1.0,4.0,2.0,1.0,,,,826.0
2011-11-01,Peer,24.0,223.0,191.0,,1.0,,14.0,248.0,95.0,18.0,,4.0,1.0,4.0,2.0,1.0,,,,826.0
2011-12-01,Peer,24.0,223.0,192.0,,1.0,,14.0,246.0,95.0,18.0,,4.0,1.0,4.0,2.0,1.0,,,,825.0
2012-01-01,Peer,24.0,223.0,192.0,,1.0,,14.0,245.0,95.0,19.0,,4.0,1.0,4.0,2.0,1.0,,,,825.0
2012-02-01,Peer,25.0,223.0,192.0,,1.0,,14.0,245.0,95.0,19.0,,4.0,1.0,4.0,2.0,2.0,,,,827.0
2012-03-01,Peer,25.0,222.0,192.0,,1.0,,14.0,244.0,93.0,19.0,,4.0,1.0,4.0,2.0,2.0,1.0,,,824.0
2012-04-01,Peer,26.0,220.0,192.0,,1.0,,14.0,242.0,93.0,19.0,,4.0,1.0,4.0,2.0,2.0,1.0,,,821.0
2012-05-01,Peer,25.0,219.0,192.0,,1.0,,14.0,241.0,93.0,19.0,,4.0,1.0,4.0,2.0,2.0,1.0,,,818.0
2012-06-01,Peer,25.0,219.0,190.0,,1.0,,14.0,239.0,93.0,21.0,,4.0,1.0,4.0,2.0,2.0,1.0,,,816.0
2012-07-01,Peer,26.0,218.0,190.0,,1.0,,14.0,235.0,93.0,24.0,1.0,4.0,1.0,4.0,2.0,2.0,1.0,,,816.0
2012-08-01,Peer,26.0,217.0,190.0,,1.0,,14.0,235.0,93.0,24.0,1.0,4.0,1.0,4.0,2.0,2.0,1.0,,,815.0
2012-09-01,Peer,26.0,217.0,190.0,,1.0,,14.0,233.0,93.0,24.0,1.0,4.0,1.0,4.0,2.0,2.0,1.0,,,813.0
2012-10-01,Peer,26.0,217.0,190.0,,1.0,,14.0,233.0,93.0,24.0,1.0,4.0,,4.0,3.0,2.0,1.0,,,813.0
2012-11-01,Peer,25.0,218.0,190.0,,1.0,,14.0,232.0,93.0,26.0,1.0,3.0,,4.0,3.0,2.0,1.0,,,813.0
2012-12-01,Peer,25.0,217.0,190.0,,1.0,,14.0,230.0,93.0,26.0,1.0,3.0,,4.0,3.0,2.0,1.0,,,810.0
2013-01-01,Peer,24.0,217.0,190.0,,1.0,,14.0,230.0,93.0,26.0,,3.0,,4.0,3.0,2.0,1.0,,,808.0
2013-02-01,Peer,24.0,218.0,191.0,,1.0,,14.0,228.0,93.0,27.0,,3.0,,4.0,3.0,2.0,1.0,,,809.0
2013-03-01,Peer,24.0,219.0,191.0,,1.0,,14.0,227.0,93.0,28.0,,3.0,,4.0,3.0,2.0,1.0,,,810.0
2013-04-01,Peer,24.0,219.0,193.0,,1.0,,14.0,227.0,93.0,28.0,,3.0,,4.0,3.0,2.0,1.0,,,812.0
2013-05-01,Peer,25.0,218.0,192.0,,1.0,,14.0,226.0,93.0,28.0,,3.0,,4.0,3.0,2.0,1.0,,,810.0
2013-06-01,Peer,25.0,217.0,192.0,,1.0,,14.0,225.0,93.0,29.0,,3.0,,4.0,3.0,2.0,1.0,,,809.0
2013-07-01,Peer,24.0,215.0,192.0,,1.0,,14.0,223.0,93.0,31.0,,2.0,,4.0,3.0,2.0,1.0,,,805.0
2013-08-01,Peer,24.0,217.0,192.0,,1.0,,14.0,223.0,93.0,30.0,,2.0,,4.0,3.0,2.0,1.0,1.0,,807.0
2013-09-01,Peer,22.0,217.0,192.0,,1.0,,14.0,223.0,93.0,30.0,,2.0,,4.0,3.0,2.0,1.0,1.0,,805.0
2013-10-01,Peer,21.0,216.0,192.0,,1.0,,14.0,223.0,93.0,30.0,,2.0,,4.0,3.0,2.0,1.0,1.0,,803.0
2013-11-01,Peer,22.0,227.0,192.0,,1.0,,14.0,226.0,103.0,30.0,,2.0,,4.0,3.0,2.0,1.0,1.0,,828.0
2013-12-01,Peer,22.0,230.0,191.0,1.0,1.0,,15.0,227.0,103.0,31.0,,2.0,,4.0,3.0,2.0,1.0,1.0,,834.0
2014-01-01,Peer,22.0,229.0,191.0,1.0,1.0,,15.0,227.0,103.0,31.0,,2.0,,4.0,3.0,2.0,1.0,1.0,,833.0
2014-02-01,Peer,21.0,229.0,191.0,1.0,1.0,,15.0,226.0,103.0,32.0,,2.0,,4.0,3.0,2.0,1.0,1.0,,832.0
2014-03-01,Peer,23.0,229.0,191.0,1.0,1.0,,15.0,225.0,103.0,32.0,,2.0,,4.0,3.0,2.0,1.0,1.0,,833.0
2014-04-01,Peer,26.0,227.0,190.0,1.0,1.0,,15.0,224.0,103.0,33.0,,2.0,,4.0,3.0,2.0,1.0,1.0,1.0,834.0
2014-05-01,Peer,25.0,227.0,190.0,1.0,1.0,,15.0,224.0,103.0,33.0,,2.0,,4.0,3.0,2.0,1.0,1.0,1.0,833.0
2014-06-01,Peer,25.0,227.0,191.0,1.0,1.0,,15.0,224.0,102.0,34.0,,2.0,,4.0,3.0,2.0,1.0,1.0,1.0,834.0
2014-07-01,Peer,25.0,226.0,190.0,1.0,1.0,,15.0,224.0,102.0,32.0,,2.0,,4.0,3.0,2.0,1.0,1.0,1.0,830.0
2014-08-01,Peer,26.0,226.0,189.0,1.0,1.0,,15.0,224.0,101.0,32.0,,2.0,,4.0,3.0,2.0,1.0,1.0,1.0,829.0
2014-09-01,Peer,26.0,226.0,189.0,1.0,1.0,,15.0,224.0,101.0,31.0,,2.0,,4.0,3.0,2.0,1.0,1.0,1.0,828.0
2014-10-01,Peer,26.0,226.0,189.0,1.0,1.0,,15.0,224.0,101.0,31.0,,2.0,,3.0,3.0,2.0,1.0,1.0,1.0,827.0
2014-11-01,Peer,25.0,235.0,187.0,1.0,1.0,,15.0,226.0,106.0,31.0,,2.0,,3.0,3.0,2.0,1.0,1.0,1.0,840.0
2014-12-01,Peer,23.0,237.0,186.0,1.0,1.0,,15.0,225.0,108.0,31.0,,2.0,,3.0,3.0,2.0,1.0,1.0,1.0,840.0
2015-01-01,Peer,24.0,237.0,188.0,1.0,1.0,,15.0,225.0,108.0,31.0,,2.0,,3.0,3.0,2.0,1.0,1.0,1.0,843.0
2015-02-01,Peer,24.0,235.0,190.0,1.0,1.0,,15.0,225.0,108.0,31.0,,2.0,,4.0,3.0,2.0,1.0,1.0,1.0,844.0
2015-03-01,Peer,26.0,234.0,192.0,1.0,1.0,,15.0,225.0,107.0,30.0,,2.0,,4.0,3.0,2.0,1.0,1.0,1.0,845.0
2015-04-01,Peer,26.0,231.0,189.0,1.0,1.0,,15.0,224.0,105.0,32.0,,2.0,,4.0,3.0,2.0,1.0,1.0,1.0,838.0
2015-05-01,Peer,26.0,230.0,187.0,1.0,1.0,,15.0,222.0,104.0,32.0,,2.0,,4.0,3.0,2.0,1.0,1.0,1.0,832.0
2015-06-01,Peer,26.0,235.0,185.0,1.0,1.0,,15.0,219.0,100.0,32.0,,2.0,,4.0,3.0,2.0,1.0,1.0,1.0,828.0
2015-07-01,Peer,26.0,233.0,184.0,1.0,1.0,,15.0,219.0,102.0,30.0,,2.0,,4.0,3.0,2.0,1.0,1.0,1.0,825.0
2015-08-01,Peer,26.0,232.0,185.0,1.0,1.0,,15.0,218.0,101.0,28.0,,2.0,,4.0,3.0,2.0,1.0,1.0,1.0,821.0
2015-09-01,Peer,25.0,231.0,184.0,1.0,1.0,,15.0,218.0,101.0,28.0,,2.0,,4.0,3.0,2.0,1.0,1.0,1.0,818.0
2015-10-01,Peer,24.0,230.0,182.0,1.0,1.0,,15.0,217.0,101.0,29.0,,2.0,,4.0,3.0,2.0,1.0,1.0,1.0,814.0
2015-11-01,Peer,25.0,243.0,183.0,1.0,1.0,,15.0,215.0,103.0,30.0,,2.0,,4.0,3.0,2.0,1.0,1.0,1.0,830.0
2015-12-01,Peer,25.0,256.0,181.0,1.0,1.0,,15.0,218.0,110.0,30.0,,2.0,,4.0,3.0,2.0,1.0,1.0,1.0,851.0
2016-01-01,Peer,25.0,256.0,184.0,1.0,1.0,,15.0,221.0,111.0,30.0,,2.0,,4.0,3.0,2.0,1.0,1.0,1.0,858.0
2016-02-01,Peer,25.0,256.0,184.0,1.0,1.0,,15.0,221.0,111.0,30.0,,2.0,,4.0,3.0,2.0,1.0,1.0,1.0,858.0
2016-03-01,Peer,25.0,257.0,184.0,1.0,1.0,,15.0,220.0,108.0,30.0,,2.0,,4.0,3.0,2.0,1.0,1.0,1.0,855.0
2016-04-01,Peer,25.0,256.0,179.0,1.0,1.0,,15.0,219.0,108.0,30.0,,2.0,,4.0,3.0,2.0,1.0,1.0,1.0,848.0
2016-05-01,Peer,25.0,255.0,176.0,1.0,1.0,,15.0,218.0,109.0,30.0,,2.0,,4.0,3.0,2.0,1.0,1.0,1.0,844.0
2016-06-01,Peer,26.0,254.0,174.0,1.0,1.0,,15.0,217.0,108.0,30.0,,2.0,,4.0,3.0,2.0,1.0,1.0,1.0,840.0
2016-07-01,Peer,26.0,252.0,174.0,1.0,1.0,,15.0,217.0,108.0,30.0,,2.0,,4.0,3.0,2.0,1.0,1.0,1.0,838.0
2016-08-01,Peer,26.0,251.0,175.0,1.0,1.0,,15.0,216.0,105.0,31.0,,2.0,,4.0,3.0,2.0,1.0,1.0,1.0,835.0
2016-09-01,Peer,26.0,251.0,173.0,1.0,1.0,,15.0,216.0,105.0,31.0,,2.0,,4.0,3.0,2.0,1.0,1.0,1.0,833.0
2016-10-01,Peer,26.0,256.0,177.0,1.0,1.0,,15.0,215.0,105.0,29.0,,2.0,,4.0,3.0,2.0,1.0,1.0,1.0,839.0
2016-11-01,Peer,26.0,263.0,180.0,1.0,1.0,,15.0,214.0,104.0,31.0,,2.0,,4.0,3.0,1.0,,1.0,1.0,847.0
2016-12-01,Peer,26.0,262.0,180.0,1.0,1.0,,15.0,213.0,104.0,31.0,,2.0,,4.0,3.0,1.0,,1.0,1.0,845.0
2017-01-01,Peer,26.0,261.0,178.0,1.0,1.0,,15.0,213.0,103.0,33.0,,2.0,,4.0,3.0,1.0,,1.0,1.0,843.0
2017-02-01,Peer,26.0,259.0,179.0,1.0,1.0,,14.0,212.0,102.0,33.0,,2.0,,4.0,3.0,1.0,,1.0,1.0,839.0
2017-03-01,Peer,26.0,258.0,179.0,1.0,1.0,,14.0,211.0,102.0,35.0,,2.0,,4.0,3.0,1.0,,1.0,1.0,839.0
2017-04-01,Peer,25.0,259.0,178.0,1.0,1.0,,14.0,211.0,102.0,35.0,,2.0,,4.0,3.0,1.0,,1.0,1.0,838.0
2017-05-01,Peer,25.0,259.0,176.0,1.0,1.0,,14.0,209.0,102.0,36.0,,2.0,,4.0,3.0,1.0,,1.0,1.0,835.0
2017-06-01,Peer,25.0,259.0,173.0,1.0,1.0,,14.0,207.0,102.0,36.0,,2.0,,4.0,3.0,1.0,,1.0,1.0,830.0
2017-07-01,Peer,25.0,257.0,172.0,1.0,1.0,,14.0,206.0,101.0,35.0,,2.0,,4.0,3.0,1.0,,1.0,1.0,824.0
2017-08-01,Peer,25.0,258.0,172.0,1.0,1.0,,14.0,206.0,101.0,35.0,,2.0,,4.0,3.0,1.0,,1.0,1.0,825.0
2017-09-01,Peer,24.0,258.0,173.0,1.0,1.0,,14.0,205.0,101.0,35.0,,2.0,,4.0,3.0,1.0,,1.0,1.0,824.0
2017-10-01,Peer,24.0,258.0,173.0,1.0,1.0,,14.0,205.0,101.0,35.0,,2.0,,4.0,3.0,1.0,,1.0,1.0,824.0
2017-11-01,Peer,24.0,258.0,175.0,1.0,1.0,,14.0,205.0,101.0,34.0,,2.0,,3.0,3.0,1.0,,1.0,1.0,824.0
2017-12-01,Peer,24.0,256.0,177.0,1.0,1.0,,14.0,205.0,101.0,34.0,,2.0,,3.0,3.0,1.0,,1.0,1.0,824.0
2018-01-01,Peer,24.0,254.0,176.0,1.0,1.0,,14.0,205.0,101.0,33.0,,2.0,,3.0,3.0,1.0,,1.0,1.0,820.0
2018-02-01,Peer,25.0,253.0,175.0,1.0,2.0,,14.0,202.0,101.0,33.0,,2.0,,3.0,3.0,1.0,,1.0,1.0,817.0
2018-03-01,Peer,25.0,252.0,175.0,1.0,2.0,,14.0,202.0,100.0,35.0,,2.0,,3.0,3.0,1.0,,1.0,1.0,817.0
2018-04-01,Peer,25.0,250.0,174.0,1.0,2.0,,14.0,198.0,99.0,37.0,,2.0,,3.0,3.0,1.0,,1.0,1.0,811.0
2018-05-01,Peer,26.0,250.0,173.0,1.0,2.0,,14.0,196.0,99.0,36.0,,2.0,,3.0,3.0,1.0,,1.0,1.0,808.0
2018-06-01,Peer,26.0,250.0,172.0,1.0,2.0,,14.0,193.0,99.0,36.0,,2.0,,3.0,3.0,1.0,,1.0,1.0,804.0
2018-07-01,Peer,26.0,256.0,172.0,1.0,2.0,,14.0,195.0,99.0,38.0,,2.0,,4.0,3.0,1.0,,1.0,1.0,815.0
2018-08-01,Peer,26.0,256.0,176.0,1.0,2.0,,14.0,195.0,98.0,37.0,,2.0,,4.0,3.0,1.0,,1.0,1.0,817.0
2018-09-01,Peer,25.0,256.0,176.0,1.0,2.0,,14.0,195.0,98.0,37.0,,2.0,,4.0,3.0,1.0,,1.0,1.0,816.0
2018-10-01,Peer,25.0,256.0,175.0,1.0,2.0,,14.0,194.0,98.0,37.0,,2.0,,4.0,3.0,1.0,,1.0,1.0,814.0
2018-11-01,Peer,26.0,254.0,175.0,1.0,2.0,,14.0,193.0,98.0,38.0,,2.0,,4.0,3.0,1.0,,1.0,1.0,813.0
2018-12-01,Peer,26.0,254.0,175.0,1.0,2.0,,14.0,195.0,98.0,37.0,,2.0,,4.0,3.0,1.0,,1.0,1.0,814.0
2019-01-01,Peer,26.0,254.0,175.0,1.0,2.0,,14.0,195.0,97.0,37.0,,2.0,1.0,4.0,1.0,1.0,,1.0,1.0,812.0
2019-02-01,Peer,26.0,255.0,173.0,1.0,2.0,,14.0,194.0,96.0,36.0,,2.0,1.0,4.0,1.0,1.0,,1.0,1.0,808.0
2019-03-01,Peer,25.0,254.0,172.0,1.0,2.0,,14.0,193.0,96.0,36.0,,2.0,1.0,4.0,1.0,1.0,,1.0,1.0,804.0
2019-04-01,Peer,26.0,254.0,173.0,1.0,2.0,,14.0,191.0,95.0,36.0,,2.0,1.0,4.0,1.0,1.0,,1.0,1.0,803.0
2019-05-01,Peer,26.0,254.0,174.0,1.0,2.0,,14.0,191.0,95.0,36.0,,2.0,1.0,4.0,1.0,1.0,,1.0,1.0,804.0
2019-06-01,Peer,26.0,250.0,173.0,1.0,2.0,,14.0,188.0,96.0,39.0,,2.0,1.0,4.0,1.0,1.0,,1.0,1.0,800.0
2019-07-01,Peer,26.0,250.0,173.0,1.0,2.0,,14.0,188.0,96.0,39.0,,2.0,1.0,4.0,1.0,1.0,,1.0,1.0,800.0
2019-08-01,Peer,26.0,245.0,173.0,1.0,2.0,,14.0,186.0,94.0,46.0,,2.0,1.0,4.0,1.0,1.0,,1.0,1.0,798.0
2019-09-01,Peer,26.0,244.0,173.0,1.0,2.0,,14.0,186.0,94.0,46.0,,2.0,1.0,4.0,1.0,1.0,,1.0,1.0,797.0
2019-10-01,Peer,25.0,241.0,172.0,1.0,2.0,,14.0,186.0,94.0,49.0,,2.0,1.0,4.0,1.0,1.0,,1.0,1.0,795.0
2019-11-01,Peer,25.0,249.0,176.0,2.0,2.0,,14.0,188.0,94.0,51.0,,2.0,1.0,4.0,,1.0,,1.0,1.0,811.0
2019-12-01,Peer,25.0,246.0,176.0,2.0,2.0,,14.0,188.0,94.0,53.0,,2.0,1.0,4.0,,1.0,,1.0,1.0,810.0
2020-01-01,Peer,26.0,246.0,175.0,2.0,2.0,,14.0,187.0,94.0,53.0,,2.0,1.0,4.0,,1.0,,1.0,1.0,809.0
2020-02-01,Peer,26.0,248.0,175.0,2.0,2.0,,14.0,186.0,92.0,55.0,,2.0,1.0,4.0,,1.0,,1.0,1.0,810.0
2020-03-01,Peer,26.0,248.0,174.0,2.0,2.0,,14.0,185.0,91.0,57.0,,2.0,1.0,4.0,,1.0,,1.0,1.0,809.0
2020-04-01,Peer,26.0,247.0,174.0,2.0,2.0,,14.0,184.0,91.0,55.0,,2.0,1.0,4.0,,1.0,,1.0,1.0,805.0
2020-05-01,Peer,26.0,249.0,173.0,2.0,2.0,,14.0,183.0,91.0,54.0,,2.0,1.0,4.0,,1.0,,1.0,1.0,804.0
2020-06-01,Peer,26.0,247.0,172.0,2.0,2.0,,14.0,182.0,91.0,54.0,,2.0,1.0,4.0,,1.0,,1.0,1.0,800.0
2020-07-01,Peer,25.0,247.0,170.0,2.0,2.0,,14.0,180.0,90.0,55.0,,2.0,1.0,4.0,,1.0,,1.0,1.0,795.0
2020-08-01,Peer,26.0,246.0,170.0,2.0,2.0,,14.0,178.0,90.0,55.0,,2.0,1.0,4.0,,1.0,,1.0,1.0,793.0
2020-09-01,Peer,26.0,247.0,168.0,2.0,2.0,,14.0,177.0,90.0,55.0,,2.0,1.0,4.0,,1.0,,1.0,1.0,791.0
2020-10-01,Peer,26.0,262.0,173.0,2.0,2.0,,13.0,181.0,89.0,60.0,,2.0,1.0,5.0,,1.0,,1.0,1.0,819.0
2020-11-01,Peer,26.0,262.0,175.0,2.0,2.0,,13.0,181.0,88.0,58.0,,2.0,1.0,5.0,,1.0,,1.0,1.0,818.0
2020-12-01,Peer,26.0,264.0,175.0,2.0,1.0,,13.0,181.0,88.0,59.0,,2.0,1.0,5.0,,1.0,,1.0,1.0,820.0
2021-01-01,Peer,26.0,264.0,174.0,2.0,1.0,,12.0,181.0,88.0,59.0,,2.0,1.0,5.0,,1.0,,1.0,1.0,818.0
2021-02-01,Peer,26.0,270.0,177.0,2.0,1.0,,12.0,184.0,87.0,59.0,,2.0,1.0,5.0,,1.0,,1.0,1.0,829.0
2021-03-01,Peer,26.0,269.0,177.0,2.0,1.0,,12.0,186.0,87.0,57.0,,2.0,1.0,5.0,,1.0,,1.0,1.0,828.0
2021-04-01,Peer,26.0,269.0,178.0,2.0,1.0,,11.0,186.0,86.0,57.0,,2.0,1.0,5.0,,1.0,,1.0,1.0,827.0
2021-05-01,Peer,26.0,266.0,180.0,2.0,1.0,,11.0,184.0,86.0,57.0,,2.0,1.0,5.0,,1.0,,1.0,1.0,824.0
2021-06-01,Peer,25.0,265.0,180.0,2.0,1.0,,11.0,183.0,86.0,57.0,,2.0,1.0,5.0,,1.0,,1.0,1.0,821.0
2021-07-01,Peer,26.0,268.0,181.0,2.0,1.0,,11.0,183.0,86.0,57.0,,2.0,1.0,5.0,,1.0,,1.0,1.0,826.0
2021-08-01,Peer,24.0,270.0,182.0,2.0,1.0,,11.0,183.0,86.0,57.0,,2.0,1.0,5.0,,1.0,,1.0,1.0,827.0
2021-09-01,Peer,24.0,270.0,182.0,2.0,1.0,,11.0,181.0,86.0,57.0,,2.0,1.0,5.0,,1.0,,1.0,1.0,825.0
2021-10-01,Peer,26.0,269.0,182.0,2.0,1.0,,11.0,180.0,86.0,57.0,,2.0,1.0,5.0,,1.0,,1.0,1.0,825.0
2021-11-01,Peer,26.0,270.0,182.0,2.0,1.0,,11.0,178.0,85.0,57.0,,2.0,1.0,5.0,,1.0,,1.0,1.0,823.0
2021-12-01,Peer,25.0,270.0,182.0,2.0,1.0,,11.0,178.0,85.0,57.0,,2.0,1.0,5.0,,1.0,,1.0,1.0,822.0
2022-01-01,Peer,25.0,269.0,181.0,2.0,1.0,,11.0,177.0,85.0,57.0,,2.0,1.0,5.0,,1.0,,1.0,1.0,819.0
2022-02-01,Peer,26.0,267.0,180.0,2.0,1.0,,11.0,176.0,85.0,57.0,,2.0,1.0,5.0,,1.0,,1.0,1.0,816.0
2022-03-01,Peer,25.0,267.0,179.0,2.0,1.0,,11.0,176.0,84.0,57.0,,2.0,1.0,5.0,,1.0,,1.0,1.0,813.0
2022-04-01,Peer,24.0,267.0,179.0,2.0,1.0,,11.0,176.0,84.0,57.0,,2.0,1.0,5.0,,1.0,,1.0,1.0,812.0
2022-05-01,Peer,25.0,266.0,178.0,2.0,1.0,,11.0,176.0,84.0,55.0,,2.0,1.0,5.0,,1.0,,1.0,1.0,809.0
2022-06-01,Peer,25.0,266.0,177.0,2.0,1.0,,11.0,176.0,84.0,55.0,,2.0,1.0,5.0,,1.0,,1.0,1.0,808.0
2022-07-01,Peer,25.0,265.0,177.0,2.0,1.0,,11.0,176.0,84.0,55.0,,2.0,1.0,5.0,,1.0,,1.0,1.0,807.0
2022-08-01,Peer,25.0,261.0,177.0,2.0,1.0,,11.0,175.0,84.0,55.0,,2.0,1.0,5.0,,1.0,,1.0,1.0,802.0
2022-09-01,Peer,24.0,260.0,177.0,2.0,1.0,,11.0,174.0,84.0,55.0,,2.0,1.0,5.0,,1.0,,1.0,1.0,799.0
2022-10-01,Peer,24.0,259.0,177.0,2.0,1.0,,11.0,174.0,84.0,54.0,,2.0,1.0,5.0,,1.0,,1.0,1.0,797.0
2022-11-01,Peer,25.0,270.0,178.0,2.0,1.0,,11.0,176.0,84.0,54.0,,2.0,1.0,5.0,,1.0,,1.0,1.0,812.0
2022-12-01,Peer,25.0,278.0,179.0,2.0,1.0,,11.0,181.0,83.0,56.0,,2.0,1.0,6.0,,1.0,,1.0,1.0,828.0
2023-01-01,Peer,25.0,277.0,178.0,2.0,1.0,,11.0,182.0,83.0,56.0,,2.0,1.0,6.0,,1.0,,1.0,1.0,827.0
2023-02-01,Peer,25.0,277.0,178.0,2.0,1.0,,11.0,181.0,83.0,56.0,,2.0,1.0,6.0,,1.0,,1.0,1.0,826.0
2023-03-01,Peer,25.0,276.0,177.0,2.0,1.0,,11.0,180.0,83.0,56.0,,2.0,1.0,6.0,,1.0,,1.0,1.0,823.0
2023-04-01,Peer,25.0,276.0,175.0,2.0,1.0,,11.0,180.0,83.0,56.0,,2.0,1.0,6.0,,1.0,,1.0,1.0,821.0
2023-05-01,Peer,25.0,276.0,175.0,2.0,1.0,,11.0,180.0,83.0,56.0,,2.0,1.0,6.0,,1.0,,1.0,1.0,821.0
2023-06-01,Peer,25.0,276.0,175.0,2.0,1.0,,11.0,180.0,83.0,56.0,,2.0,1.0,6.0,,1.0,,1.0,1.0,821.0
2023-07-01,Peer,25.0,278.0,175.0,2.0,1.0,,10.0,178.0,84.0,57.0,,2.0,1.0,6.0,,1.0,,1.0,1.0,822.0
2023-08-01,Peer,25.0,284.0,172.0,2.0,1.0,,10.0,176.0,83.0,57.0,,2.0,1.0,6.0,,1.0,,1.0,1.0,822.0
2023-09-01,Peer,24.0,283.0,172.0,2.0,1.0,,10.0,175.0,83.0,57.0,,2.0,1.0,6.0,,1.0,,1.0,1.0,819.0
2023-10-01,Peer,24.0,283.0,174.0,2.0,1.0,,10.0,175.0,83.0,57.0,,2.0,1.0,6.0,,1.0,,1.0,1.0,821.0
2023-11-01,Peer,25.0,282.0,173.0,2.0,1.0,,10.0,174.0,83.0,57.0,,2.0,1.0,6.0,,1.0,,1.0,1.0,819.0
2023-12-01,Peer,26.0,283.0,173.0,2.0,1.0,,9.0,174.0,82.0,56.0,,2.0,1.0,6.0,,1.0,,1.0,1.0,818.0
